{
  "entities": [
    {
      "name": "Component",
      "attributes": [
        {
          "name": "id",
          "type": "string",
          "description": "Unique identifier for the component e.g. '@specky/component-storage@1.2.3'",
          "required": true,
          "unique": true
        },
        {
          "name": "name",
          "type": "string",
          "description": "Component name e.g. '@specky/component-storage'",
          "required": true
        },
        {
          "name": "version",
          "type": "string",
          "description": "Component version following semantic versioning e.g. '1.2.3'",
          "required": true,
          "validation": {
            "pattern": "^(0|[1-9]\\d*)\\.(0|[1-9]\\d*)\\.(0|[1-9]\\d*)(?:-((?:0|[1-9]\\d*|\\d*[a-zA-Z-][0-9a-zA-Z-]*)(?:\\.(?:0|[1-9]\\d*|\\d*[a-zA-Z-][0-9a-zA-Z-]*))*))?(?:\\+([0-9a-zA-Z-]+(?:\\.[0-9a-zA-Z-]+)*))?$"
          }
        },
        {
          "name": "description",
          "type": "string",
          "description": "Component description",
          "required": true
        },
        {
          "name": "packageContent",
          "type": "binary",
          "description": "Component package content as compressed zip",
          "required": true
        },
        {
          "name": "publicationTimestamp",
          "type": "string",
          "description": "Date and time when the component was published",
          "required": true
        },
        {
          "name": "updateTimestamp",
          "type": "string",
          "description": "Date and time when the component was last updated",
          "required": true
        }
      ]
    }
  ]
}