{
  "name": "@specky/component-storage",
  "version": "0.1.0",
  "description": "Responsible for managing the storage, versioning, and retrieval of Specky component specifications.",
  "author": {
    "name": "Specky Team",
    "email": "team@specky.dev"
  },
  "license": "MIT",
  "keywords": [
    "component",
    "storage",
    "retrieval",
    "versioning",
    "semantic versioning",
    "package management",
    "component lifecycle",
    "publishing",
    "deprecation"
  ],
  "dependencies": {
  }
}